Year,Month,Monthly Nominal GDP Index (inMillion$),Monthly Real GDP Index (inMillion$),CPI,PartyInPower,unemployment rate,CommercialBankInterestRateonCreditCardPlans,"Finance Rate on Personal Loans at Commercial Banks, 24 Month Loan",Earnings or wages  in dollars per hour,Change(in%),Average upland planted(million acres),yieldperharvested acre,Production (in  480-lb netweright in million bales),Mill use  (in  480-lb netweright in million bales),Exports,MenClothing,OtherClothing,WomenClothing,has_christmas,has_thanksgiving,has_mothers_day,has_fathers_day,has_valentines,has_easter,has_new_year,is_q4,is_holiday_season,is_back_to_school,is_spring_shopping,is_summer,is_winter,WomenClothing_lag1,WomenClothing_lag2,WomenClothing_lag3,WomenClothing_lag6,WomenClothing_lag12,WomenClothing_lag24,MenClothing_lag1,MenClothing_lag2,MenClothing_lag3,MenClothing_lag6,MenClothing_lag12,MenClothing_lag24,OtherClothing_lag1,OtherClothing_lag2,OtherClothing_lag3,OtherClothing_lag6,OtherClothing_lag12,OtherClothing_lag24,total_clothing,women_share,GDP-ROC,CPI-ROC,Unemployment-Change
2009,0.8660254037844387,14421.7528954451,14407.053343022,233.402,0,7.8,12.03,11.44,22.05,4.02,9.296,799,12.589,4.17,11.55,524.0,936.0,1755.0,0.0,0.0,0.0,0.0,0.0,0.0,1.0,0,0,0,0,0,1,,,,,,,,,,,,,,,,,,,3215.0,0.5458786936219413,,,
2009,0.5000000000000001,14389.2004660291,14366.1765714005,234.663,0,8.3,12.97,11.05,22.22,-4.32,9.296,799,12.589,3.87,11.1,496.0,859.0,1729.0,0.0,0.0,0.0,0.0,1.0,0.0,0.0,0,0,0,0,0,1,1755.0,,,,,,524.0,,,,,,936.0,,,,,,3084.0,0.5606355382601795,-0.00283727495472208,0.005402695778099709,0.5000000000000009
2009,6.123233995736766e-17,14340.7016385792,14351.7868217385,235.067,0,8.7,12.97,11.05,22.22,-6.72,9.296,799,12.589,3.72,11.65,542.0,921.0,2256.0,0.0,0.0,0.0,0.0,0.0,0.0,0.0,0,0,0,1,0,0,1729.0,1755.0,,,,,496.0,524.0,,,,,859.0,936.0,,,,,3719.0,0.6066146813643275,-0.001001640874346843,0.0017216178093690804,0.3999999999999986
2009,-0.49999999999999983,14326.8155253522,14351.6017305356,235.582,0,9.0,12.97,11.05,22.13,10.25,9.296,787,12.4,3.62,12.225,669.0,914.0,2662.0,0.0,0.0,0.0,0.0,0.0,1.0,0.0,0,0,0,1,0,0,2256.0,1729.0,1755.0,,,,542.0,496.0,524.0,,,,921.0,859.0,936.0,,,,4245.0,0.6270906949337407,-1.2896735800183023e-05,0.0021908647321826624,0.3000000000000007
2009,-0.8660254037844387,14345.9048088631,14368.1239591978,235.975,0,9.4,13.32,11.25,22.04,9.11,9.297,803,12.384,3.52,12.3,650.0,989.0,2732.0,0.0,0.0,1.0,0.0,0.0,0.0,0.0,0,0,0,1,0,0,2662.0,2256.0,1729.0,,,,669.0,542.0,496.0,,,,914.0,921.0,859.0,,,,4371.0,0.6250285975734957,0.001151246318872312,0.0016682089463542216,0.40000000000000036
2009,-1.0,14348.5306658082,14346.8201055735,237.172,0,9.5,13.32,11.25,21.96,-0.9,8.668,796,12.876,3.47,10.3,607.0,932.0,2220.0,0.0,0.0,0.0,1.0,0.0,0.0,0.0,0,0,0,0,1,0,2732.0,2662.0,2256.0,,,,650.0,669.0,542.0,,,,989.0,914.0,921.0,,,,3759.0,0.5905826017542151,-0.0014827164412554161,0.0050725712469541495,0.09999999999999964
2009,-0.8660254037844388,14317.3729221509,14345.6760973542,237.6,0,9.5,13.32,11.25,22.0,5.55,8.905,796,12.863,3.47,9.7,575.0,901.0,2164.0,0.0,0.0,0.0,0.0,0.0,0.0,0.0,0,0,0,0,1,0,2220.0,2732.0,2662.0,1755.0,,,607.0,650.0,669.0,524.0,,,932.0,989.0,914.0,936.0,,,3640.0,0.5945054945038613,-7.973949703710126e-05,0.0018045975072942255,0.0
2009,-0.5000000000000004,14424.2849012372,14435.812508554,238.282,0,9.6,13.71,10.89,22.16,-0.83,8.905,809,12.84,3.47,9.7,551.0,865.0,2371.0,0.0,0.0,0.0,0.0,0.0,0.0,0.0,0,0,1,0,1,0,2164.0,2220.0,2732.0,1729.0,,,575.0,607.0,650.0,496.0,,,901.0,932.0,989.0,859.0,,,3787.0,0.6260892527049747,0.00628317623987229,0.002870370370370523,0.09999999999999964
2009,-1.8369701987210297e-16,14410.7771765398,14425.9727515716,238.568,0,9.8,13.71,10.89,22.2,-0.3,8.989,827,13.071,3.47,10.0,579.0,819.0,2421.0,0.0,0.0,0.0,0.0,0.0,0.0,0.0,0,0,1,0,0,0,2371.0,2164.0,2220.0,2256.0,,,551.0,575.0,607.0,542.0,,,865.0,901.0,932.0,921.0,,,3819.0,0.6339355852300761,-0.0006816212787862375,0.001200258517219055,0.20000000000000107
2009,0.5000000000000001,14596.6054472681,14595.3930938759,238.38,0,10.0,13.71,10.89,22.27,4.29,8.989,799,12.631,3.37,10.0,610.0,914.0,2579.0,0.0,0.0,0.0,0.0,0.0,0.0,0.0,1,0,0,0,0,0,2421.0,2371.0,2164.0,2662.0,,,579.0,551.0,575.0,669.0,,,819.0,865.0,901.0,914.0,,,4103.0,0.628564465024059,0.011744119112234053,-0.0007880352771537646,0.1999999999999993
2009,0.8660254037844384,14590.4322515432,14559.4101732519,238.777,0,9.9,13.6,11.2,22.44,7.42,8.989,767,12.129,3.37,9.95,620.0,955.0,2521.0,0.0,1.0,0.0,0.0,0.0,0.0,0.0,1,1,0,0,0,0,2579.0,2421.0,2371.0,2732.0,,,610.0,579.0,551.0,650.0,,,914.0,819.0,865.0,989.0,,,4096.0,0.6154785156234974,-0.0024653615282961283,0.0016654081718263658,-0.09999999999999964
2009,1.0,14512.4953011728,14471.040843924,238.427,0,9.9,13.6,11.2,22.38,6.97,8.989,774,12.225,3.37,10.425,930.0,1351.0,3390.0,1.0,0.0,0.0,0.0,0.0,0.0,1.0,1,1,0,0,0,1,2521.0,2579.0,2421.0,2220.0,,,620.0,610.0,579.0,607.0,,,955.0,914.0,819.0,932.0,,,5671.0,0.5977781696339309,-0.006069567947900034,-0.001465802820204587,0.0
2010,0.8660254037844387,14613.9914806524,14551.0248379337,238.97,0,9.8,13.6,11.2,22.51,0.81,9.008,763,12.011,3.37,10.4,476.0,945.0,2142.0,0.0,0.0,0.0,0.0,0.0,0.0,1.0,0,0,0,0,0,1,3390.0,2521.0,2579.0,2164.0,1755.0,,930.0,620.0,610.0,575.0,524.0,,1351.0,955.0,914.0,901.0,936.0,,3563.0,0.6011787819236566,0.005527176301439507,0.002277426633728652,-0.09999999999999964
2010,0.5000000000000001,14652.8802715638,14581.3756942286,238.862,0,9.8,14.26,10.83,22.57,3.41,9.008,763,12.011,3.37,11.4,471.0,869.0,2413.0,0.0,0.0,0.0,0.0,1.0,0.0,0.0,0,0,0,0,0,1,2142.0,3390.0,2521.0,2371.0,1729.0,,476.0,930.0,620.0,551.0,496.0,,945.0,1351.0,955.0,865.0,859.0,,3753.0,0.6429523048210952,0.002085822588645092,-0.0004519395740051335,0.0
2010,6.123233995736766e-17,14776.3172477831,14682.0107425024,240.101,0,9.9,14.26,10.83,22.48,7.18,9.008,763,12.011,3.47,11.375,568.0,941.0,3102.0,0.0,0.0,0.0,0.0,0.0,0.0,0.0,0,0,0,1,0,0,2413.0,2142.0,3390.0,2421.0,2256.0,,471.0,476.0,930.0,579.0,542.0,,869.0,945.0,1351.0,819.0,921.0,,4611.0,0.6727391021455807,0.00690161548430801,0.005187095477723558,0.09999999999999964
2010,-0.49999999999999983,14844.5311931878,14724.2001528266,240.529,0,9.9,14.26,10.83,22.53,2.68,9.008,747,11.751,3.47,11.365,630.0,966.0,3161.5,0.0,0.0,0.0,0.0,0.0,1.0,0.0,0,0,0,1,0,0,3102.0,2413.0,2142.0,2579.0,2662.0,,568.0,471.0,476.0,610.0,669.0,,941.0,869.0,945.0,914.0,914.0,,4757.5,0.6645296899618192,0.0028735444391188025,0.0017825831629190159,0.0
2010,-0.8660254037844387,14875.6984356304,14741.3673469787,241.075,0,9.6,13.84,11.0,22.6,2.25,9.008,766,11.788,3.375,11.34,627.0,991.0,3221.0,0.0,0.0,1.0,0.0,0.0,0.0,0.0,0,0,0,1,0,0,3161.5,3102.0,2413.0,2521.0,2732.0,,630.0,568.0,471.0,620.0,650.0,,966.0,941.0,869.0,955.0,989.0,,4839.0,0.6656333953282381,0.0011659169241058365,0.0022699965492725127,-0.3000000000000007
2010,-1.0,14945.570371108,14772.3180512573,240.817,0,9.4,13.84,11.0,22.34,1.79,10.315,806,16.2,3.275,13.05,598.0,984.0,2756.0,0.0,0.0,0.0,1.0,0.0,0.0,0.0,0,0,0,0,1,0,3221.0,3161.5,3102.0,3390.0,2220.0,,627.0,630.0,568.0,930.0,607.0,,991.0,966.0,941.0,1351.0,932.0,,4338.0,0.6353158137375857,0.0020995816432825,-0.0010702063673130313,-0.1999999999999993
2010,-0.8660254037844388,15019.2352626891,14833.7492771408,241.147,0,9.4,13.84,11.0,22.41,-8.21,10.7,836,17.75,3.37,13.8,544.0,937.0,2749.0,0.0,0.0,0.0,0.0,0.0,0.0,0.0,0,0,0,0,1,0,2756.0,3221.0,3161.5,2142.0,2164.0,,598.0,627.0,630.0,476.0,575.0,,984.0,991.0,966.0,945.0,901.0,,4230.0,0.649881796688771,0.00415853664065069,0.0013703351507574624,0.0
2010,-0.5000000000000004,15036.2776269679,14824.1657696352,241.569,0,9.5,13.59,10.71,22.55,7.37,10.7,831,18.036,3.37,14.525,553.5,897.0,2807.0,0.0,0.0,0.0,0.0,0.0,0.0,0.0,0,0,1,0,1,0,2749.0,2756.0,3221.0,2413.0,2371.0,,544.0,598.0,627.0,471.0,551.0,,937.0,984.0,991.0,869.0,865.0,,4257.5,0.6593071051070832,-0.0006460610413827617,0.0017499699353507037,0.09999999999999964
2010,-1.8369701987210297e-16,15117.4671103891,14878.5469831135,241.485,0,9.5,13.59,10.71,22.6,15.92,10.829,833,18.343,3.57,15.025,563.0,839.0,2919.0,0.0,0.0,0.0,0.0,0.0,0.0,0.0,0,0,1,0,0,0,2807.0,2749.0,2756.0,3102.0,2421.0,,553.5,544.0,598.0,568.0,579.0,,897.0,937.0,984.0,941.0,819.0,,4321.0,0.6755380698896655,0.003668416444026157,-0.0003477267364603298,0.0
2010,0.5000000000000001,15219.059036066,14945.4270878445,241.981,0,9.4,13.59,10.71,22.7,20.83,10.829,835,18.375,3.57,15.025,634.0,930.0,3071.0,0.0,0.0,0.0,0.0,0.0,0.0,0.0,1,0,0,0,0,0,2919.0,2807.0,2749.0,3161.5,2579.0,,563.0,553.5,544.0,630.0,610.0,,839.0,897.0,937.0,966.0,914.0,,4635.0,0.6625674217892933,0.004495069633271731,0.002053957802762074,-0.09999999999999964
2010,0.8660254037844384,15185.62894712,14896.6748133866,241.96,0,9.8,13.44,10.94,22.69,22.85,10.829,814,17.92,3.42,15.275,669.0,1035.0,3276.0,0.0,1.0,0.0,0.0,0.0,0.0,0.0,1,1,0,0,0,0,3071.0,2919.0,2807.0,3221.0,2521.0,,634.0,563.0,553.5,627.0,620.0,,930.0,839.0,897.0,991.0,955.0,,4980.0,0.6578313252998839,-0.003262019490734458,-8.678367309822299e-05,0.40000000000000036
2010,1.0,15285.9360167865,14975.0402068452,241.874,0,9.3,13.44,10.94,22.76,8.2,10.829,807,17.77,3.52,15.275,988.0,1398.0,4360.0,1.0,0.0,0.0,0.0,0.0,0.0,1.0,1,1,0,0,0,1,3276.0,3071.0,2919.0,2756.0,3390.0,,669.0,634.0,563.0,598.0,930.0,,1035.0,930.0,839.0,984.0,1351.0,,6746.0,0.6463089238057422,0.005260596370686654,-0.00035543064969423277,-0.5
2011,0.8660254037844387,15149.1361633756,14838.1555802799,242.639,0,9.1,13.44,10.94,23.16,6.37,10.769,814,17.817,3.565,15.28,487.0,968.0,2193.0,0.0,0.0,0.0,0.0,0.0,0.0,1.0,0,0,0,0,0,1,4360.0,3276.0,3071.0,2749.0,2142.0,1755.0,988.0,669.0,634.0,544.0,476.0,524.0,1398.0,1035.0,930.0,937.0,945.0,936.0,3648.0,0.6011513157878258,-0.009140852022736512,0.0031628037738657966,-0.20000000000000107
2011,0.5000000000000001,15161.5783305761,14801.7341813383,243.832,0,9.0,13.44,10.98,22.99,19.14,10.769,814,17.817,3.565,15.28,497.0,878.0,2620.0,0.0,0.0,0.0,0.0,1.0,0.0,0.0,0,0,0,0,0,1,2193.0,4360.0,3276.0,2807.0,2413.0,1729.0,487.0,988.0,669.0,553.5,471.0,496.0,968.0,1398.0,1035.0,897.0,869.0,859.0,3995.0,0.6558197747167565,-0.0024545772380231146,0.004916769356945849,-0.09999999999999964
2011,6.123233995736766e-17,15404.3985060739,15004.1154699802,245.617,0,9.0,13.44,10.98,22.9,7.74,10.769,814,17.817,3.565,15.28,599.0,1064.0,3266.0,0.0,0.0,0.0,0.0,0.0,0.0,0.0,0,0,0,1,0,0,2620.0,2193.0,4360.0,2919.0,3102.0,2256.0,497.0,487.0,988.0,563.0,568.0,542.0,878.0,968.0,1398.0,839.0,941.0,921.0,4929.0,0.6626090484871929,0.013672809291296328,0.007320614193379038,0.0
2011,-0.49999999999999983,15488.0048636643,15050.6611720031,246.489,0,9.1,13.44,10.98,22.96,-5.68,10.769,804,17.597,3.665,15.28,690.0,985.0,3414.0,0.0,0.0,0.0,0.0,0.0,1.0,0.0,0,0,0,1,0,0,3266.0,2620.0,2193.0,3071.0,3161.5,2662.0,599.0,497.0,487.0,634.0,630.0,669.0,1064.0,878.0,968.0,930.0,966.0,914.0,5089.0,0.6708587148739028,0.0031021956686503316,0.003550242857782715,0.09999999999999964
2011,-0.8660254037844387,15472.3912891333,14990.9638155792,248.073,0,9.0,12.89,11.37,23.06,-23.59,10.769,805,17.6,3.76,15.02,677.0,1027.0,3340.0,0.0,0.0,1.0,0.0,0.0,0.0,0.0,0,0,0,1,0,0,3414.0,3266.0,2620.0,3276.0,3221.0,2732.0,690.0,599.0,497.0,669.0,627.0,650.0,985.0,1064.0,878.0,1035.0,991.0,989.0,5044.0,0.6621728786664113,-0.003966427503859227,0.0064262502586323045,-0.09999999999999964
2011,-1.0,15422.3818472482,14927.332731337,248.505,0,9.1,12.89,11.37,22.81,-2.94,12.313,787,16.323,3.77,12.4,632.0,1006.0,3232.0,0.0,0.0,0.0,1.0,0.0,0.0,0.0,0,0,0,0,1,0,3340.0,3414.0,3266.0,4360.0,2756.0,2220.0,677.0,690.0,599.0,988.0,598.0,607.0,1027.0,985.0,1064.0,1398.0,984.0,932.0,4870.0,0.6636550307994586,-0.00424462929969005,0.001741422887617805,0.09999999999999964
2011,-0.8660254037844388,15547.8544517524,15011.7614106743,249.164,0,9.0,12.89,11.37,22.94,-7.1,13.436,785,15.225,3.77,11.325,587.0,985.0,2896.0,0.0,0.0,0.0,0.0,0.0,0.0,0.0,0,0,0,0,1,0,3232.0,3340.0,3414.0,2193.0,2749.0,2164.0,632.0,677.0,690.0,487.0,544.0,575.0,1006.0,1027.0,985.0,968.0,937.0,901.0,4468.0,0.6481647269457292,0.005655978925160454,0.0026518581115066997,-0.09999999999999964
2011,-0.5000000000000004,15649.0381355786,15085.2292553138,250.058,0,9.0,12.28,10.8,22.85,-23.55,13.436,809,15.817,3.77,11.65,549.0,1001.0,3245.0,0.0,0.0,0.0,0.0,0.0,0.0,0.0,0,0,1,0,1,0,2896.0,3232.0,3340.0,2620.0,2807.0,2371.0,587.0,632.0,677.0,497.0,553.5,551.0,985.0,1006.0,1027.0,878.0,897.0,865.0,4795.0,0.676746611051769,0.004894018938194522,0.0035879982662021526,0.0
2011,-1.8369701987210297e-16,15564.482412702,14966.8228660961,250.559,0,9.0,12.28,10.8,23.05,2.23,14.431,794,15.819,3.775,11.325,643.0,930.0,3182.0,0.0,0.0,0.0,0.0,0.0,0.0,0.0,0,0,1,0,0,0,3245.0,2896.0,3232.0,3266.0,2919.0,2421.0,549.0,587.0,632.0,599.0,563.0,579.0,1001.0,985.0,1006.0,1064.0,839.0,819.0,4755.0,0.669190325971253,-0.007849160739535455,0.0020035351798382006,0.0
2011,0.5000000000000001,15840.3854064224,15249.7634842258,250.051,0,8.8,12.28,10.8,23.3,-5.18,14.431,797,15.871,3.775,10.825,682.0,1020.0,3340.5,0.0,0.0,0.0,0.0,0.0,0.0,0.0,1,0,0,0,0,0,3182.0,3245.0,2896.0,3414.0,3071.0,2579.0,643.0,549.0,587.0,690.0,634.0,610.0,930.0,1001.0,985.0,985.0,930.0,914.0,5042.5,0.6624690133849034,0.018904521063761504,-0.0020274665847166418,-0.1999999999999993
2011,0.8660254037844384,15775.0060676968,15172.6925598969,249.317,0,8.6,12.36,10.36,23.15,-5.36,14.431,781,15.563,3.775,10.625,707.0,1147.0,3499.0,0.0,1.0,0.0,0.0,0.0,0.0,0.0,1,1,0,0,0,0,3340.5,3182.0,3245.0,3340.0,3276.0,2521.0,682.0,643.0,549.0,677.0,669.0,620.0,1020.0,930.0,1001.0,1027.0,1035.0,955.0,5353.0,0.6536521576673759,-0.005053909485784547,-0.0029354011781596023,-0.20000000000000107
2011,1.0,15740.5445259163,15148.8221953324,248.307,0,8.5,12.36,10.36,23.22,-8.82,14.431,757,15.09,3.575,10.65,1081.0,1596.0,4775.0,1.0,0.0,0.0,0.0,0.0,0.0,1.0,1,1,0,0,0,1,3499.0,3340.5,3182.0,3232.0,4360.0,3390.0,707.0,682.0,643.0,632.0,988.0,930.0,1147.0,1020.0,930.0,1006.0,1398.0,1351.0,7452.0,0.6407675791725165,-0.0015732451224638178,-0.004051067516455009,-0.09999999999999964
2012,0.8660254037844387,15864.5023386066,15226.2046784787,249.322,0,8.3,12.36,10.36,23.56,5.93,14.426,754,14.828,3.575,10.35,525.0,1039.0,2287.0,0.0,0.0,0.0,0.0,0.0,0.0,1.0,0,0,0,0,0,1,4775.0,3499.0,3340.5,2896.0,2193.0,2142.0,1081.0,707.0,682.0,587.0,487.0,476.0,1596.0,1147.0,1020.0,985.0,968.0,945.0,3851.0,0.5938717216292032,0.00510815178556534,0.004087681781021146,-0.1999999999999993
2012,0.5000000000000001,16073.5753898301,15385.8470175993,250.285,0,8.3,12.34,10.89,23.4,-0.36,14.426,754,14.828,3.475,10.35,545.0,1134.0,2800.0,0.0,0.0,0.0,0.0,1.0,0.0,0.0,0,0,0,0,0,1,2287.0,4775.0,3499.0,3245.0,2620.0,2413.0,525.0,1081.0,707.0,549.0,497.0,471.0,1039.0,1596.0,1147.0,1001.0,878.0,869.0,4479.0,0.6251395400745141,0.01048470991239503,0.003862475032287538,0.0
2012,6.123233995736766e-17,15983.5652716362,15261.3405819789,251.887,0,8.2,12.34,10.89,23.39,-1.24,14.426,754,14.828,3.375,10.35,623.0,1229.0,3566.0,0.0,0.0,0.0,0.0,0.0,0.0,0.0,0,0,0,1,0,0,2800.0,2287.0,4775.0,3182.0,3266.0,3102.0,545.0,525.0,1081.0,643.0,599.0,568.0,1134.0,1039.0,1596.0,930.0,1064.0,941.0,5418.0,0.6581764488729085,-0.008092270479355568,0.006400703198353952,-0.10000000000000142
2012,-0.49999999999999983,16091.2281000548,15340.6535798089,252.349,0,8.2,12.34,10.89,23.61,0.6,14.428,772,14.722,3.373,10.75,711.0,1136.0,3724.0,0.0,0.0,0.0,0.0,0.0,1.0,0.0,0,0,0,1,0,0,3566.0,2800.0,2287.0,3340.5,3414.0,3161.5,623.0,545.0,525.0,682.0,690.0,630.0,1229.0,1134.0,1039.0,1020.0,985.0,966.0,5571.0,0.6684616765380211,0.00519698760432985,0.001834155792081349,0.0
2012,-0.8660254037844387,16121.9589634314,15354.6505826443,252.652,0,8.2,12.06,10.94,23.32,-11.56,14.428,772,14.722,3.373,10.75,725.0,1155.0,3800.0,0.0,0.0,1.0,0.0,0.0,0.0,0.0,0,0,0,1,0,0,3724.0,3566.0,2800.0,3499.0,3340.0,3221.0,711.0,623.0,545.0,707.0,677.0,627.0,1136.0,1229.0,1134.0,1147.0,1027.0,991.0,5680.0,0.6690140845058644,0.0009124124185830862,0.001200718053172345,0.0
2012,-1.0,16152.3659365104,15392.2492751784,252.406,0,8.2,12.06,10.94,23.27,-7.17,12.885,764,16.28,3.47,11.1,703.0,1205.0,3086.0,0.0,0.0,0.0,1.0,0.0,0.0,0.0,0,0,0,0,1,0,3800.0,3724.0,3566.0,4775.0,3232.0,2756.0,725.0,711.0,623.0,1081.0,632.0,598.0,1155.0,1136.0,1229.0,1596.0,1006.0,984.0,4994.0,0.6179415298345656,0.0024486843469169184,-0.0009736712949035553,0.0
2012,-0.8660254037844388,16239.4201032127,15433.3698674452,252.016,0,8.2,12.06,10.94,23.48,2.18,12.4,773,16.365,3.375,11.4,613.0,1049.0,2877.0,0.0,0.0,0.0,0.0,0.0,0.0,0.0,0,0,0,0,1,0,3086.0,3800.0,3724.0,2287.0,2896.0,2749.0,703.0,725.0,711.0,525.0,587.0,544.0,1205.0,1155.0,1136.0,1039.0,985.0,937.0,4539.0,0.6338400528736862,0.002671512884937055,-0.0015451296720363494,0.0
2012,-0.5000000000000004,16161.1181717827,15317.4241933126,253.472,0,8.1,11.95,10.37,23.26,0.51,12.4,771,16.988,3.375,11.375,650.0,1124.0,3059.0,0.0,0.0,0.0,0.0,0.0,0.0,0.0,0,0,1,0,1,0,2877.0,3086.0,3800.0,2800.0,3245.0,2807.0,613.0,703.0,725.0,545.0,549.0,553.5,1049.0,1205.0,1155.0,1134.0,1001.0,897.0,4833.0,0.6329402027712954,-0.007512660885369837,0.005777410958034412,-0.09999999999999964
2012,-1.8369701987210297e-16,16283.2787249827,15391.8773100951,254.554,0,7.8,11.95,10.37,23.67,-0.3,12.121,774,16.452,3.375,11.075,687.0,1045.0,3113.5,0.0,0.0,0.0,0.0,0.0,0.0,0.0,0,0,1,0,0,0,3059.0,2877.0,3086.0,3566.0,3182.0,2919.0,650.0,613.0,703.0,623.0,643.0,563.0,1124.0,1049.0,1205.0,1229.0,930.0,839.0,4845.5,0.6425549478884686,0.004860681263564315,0.00426871607120316,-0.2999999999999998
2012,0.5000000000000001,16208.3147572587,15292.3498602317,254.277,0,7.8,11.95,10.37,23.52,-2.61,12.121,782,16.63,3.375,10.875,710.0,1158.0,3168.0,0.0,0.0,0.0,0.0,0.0,0.0,0.0,1,0,0,0,0,0,3113.5,3059.0,2877.0,3724.0,3340.5,3071.0,687.0,650.0,613.0,711.0,682.0,634.0,1045.0,1124.0,1049.0,1136.0,1020.0,930.0,5036.0,0.6290706910233735,-0.006466232016943296,-0.001088177754032582,0.0
2012,0.8660254037844384,16272.7062267461,15362.0978554107,254.285,0,7.7,11.88,10.64,23.58,-1.32,12.121,790,16.79,3.375,10.875,731.0,1252.0,3558.0,0.0,1.0,0.0,0.0,0.0,0.0,0.0,1,1,0,0,0,0,3168.0,3113.5,3059.0,3800.0,3499.0,3276.0,710.0,687.0,650.0,725.0,707.0,669.0,1158.0,1045.0,1124.0,1155.0,1147.0,1035.0,5541.0,0.6421223605835732,0.00456097302353653,3.146175234092219e-05,-0.09999999999999964
2012,1.0,16411.0260159063,15498.6520671036,253.555,0,7.9,11.88,10.64,23.85,3.09,12.121,781,16.6,3.375,11.075,1080.0,1475.0,4824.0,1.0,0.0,0.0,0.0,0.0,0.0,1.0,1,1,0,0,0,1,3558.0,3168.0,3113.5,3086.0,4775.0,4360.0,731.0,710.0,687.0,703.0,1081.0,988.0,1252.0,1158.0,1045.0,1205.0,1596.0,1398.0,7379.0,0.6537471202051041,0.008889034100560966,-0.0028707945808835733,0.20000000000000018
2013,0.8660254037844387,16503.9156844168,15554.4268779799,254.807,0,8.0,11.88,10.64,23.88,2.57,12.077,849,16.25,3.38,11.475,599.0,1036.0,2320.0,0.0,0.0,0.0,0.0,0.0,0.0,1.0,0,0,0,0,0,1,4824.0,3558.0,3168.0,2877.0,2287.0,2193.0,1080.0,731.0,710.0,613.0,525.0,487.0,1475.0,1252.0,1158.0,1049.0,1039.0,968.0,3955.0,0.586599241465015,0.0035986878494216334,0.004937784701543935,0.09999999999999964
2013,0.5000000000000001,16433.8827194721,15435.6751031323,256.234,0,7.7,11.94,10.12,23.9,4.91,12.077,849,16.25,3.38,11.75,560.0,1144.0,2872.0,0.0,0.0,0.0,0.0,1.0,0.0,0.0,0,0,0,0,0,1,2320.0,4824.0,3558.0,3059.0,2800.0,2620.0,599.0,1080.0,731.0,650.0,545.0,497.0,1036.0,1475.0,1252.0,1124.0,1134.0,878.0,4576.0,0.627622377621006,-0.00763459661864585,0.005600317102748331,-0.2999999999999998
2013,6.123233995736766e-17,16488.5215961697,15485.7382618001,256.589,0,7.5,11.94,10.12,23.84,5.28,12.077,849,16.25,3.38,12.0,682.0,1346.0,3687.0,0.0,0.0,0.0,0.0,0.0,1.0,0.0,0,0,0,1,0,0,2872.0,2320.0,4824.0,3113.5,3566.0,3266.0,560.0,599.0,1080.0,687.0,623.0,599.0,1144.0,1036.0,1475.0,1045.0,1229.0,1064.0,5715.0,0.6451443569542518,0.003243341048143833,0.001385452359952355,-0.20000000000000018
2013,-0.49999999999999983,16521.1339270874,15529.8356959387,255.967,0,7.6,11.94,10.12,23.92,-2.02,12.077,862,16.51,3.38,12.225,718.0,1188.0,3883.0,0.0,0.0,0.0,0.0,0.0,0.0,0.0,0,0,0,1,0,0,3687.0,2872.0,2320.0,3168.0,3724.0,3414.0,682.0,560.0,599.0,710.0,711.0,690.0,1346.0,1144.0,1036.0,1158.0,1136.0,985.0,5789.0,0.6707548799435641,0.0028476158768213633,-0.0024241101528124087,0.09999999999999964
2013,-0.8660254037844387,16461.8732325745,15450.318635209,256.27,0,7.5,11.95,10.34,23.8,0.09,12.076,869,16.535,3.38,12.45,749.0,1194.0,4170.0,0.0,0.0,1.0,0.0,0.0,0.0,0.0,0,0,0,1,0,0,3883.0,3687.0,2872.0,3558.0,3800.0,3340.0,718.0,682.0,560.0,731.0,725.0,677.0,1188.0,1346.0,1144.0,1252.0,1155.0,1027.0,6113.0,0.6821527891367869,-0.005120277013007657,0.0011837463423018946,-0.09999999999999964
2013,-1.0,16641.1628402815,15584.747527855,256.911,0,7.5,11.95,10.34,23.92,0.5,9.82,785,12.92,3.475,10.35,678.0,1261.0,3360.0,0.0,0.0,0.0,1.0,0.0,0.0,0.0,0,0,0,0,1,0,4170.0,3883.0,3687.0,4824.0,3086.0,3232.0,749.0,718.0,682.0,1080.0,703.0,632.0,1194.0,1188.0,1346.0,1475.0,1205.0,1006.0,5299.0,0.6340819022445101,0.008700719759892506,0.002501268193702,0.0
2013,-0.8660254037844388,16685.7422459966,15606.008068178,257.326,0,7.3,11.95,10.34,23.81,-0.49,10.025,815,12.872,3.475,10.35,648.0,1126.0,3320.0,0.0,0.0,0.0,0.0,0.0,0.0,0.0,0,0,0,0,1,0,3360.0,4170.0,3883.0,2320.0,2877.0,2896.0,678.0,749.0,718.0,599.0,613.0,587.0,1261.0,1194.0,1188.0,1036.0,1049.0,985.0,5094.0,0.6517471535126586,0.0013641889472384428,0.0016153453919840466,-0.20000000000000018
2013,-0.5000000000000004,16776.9925650618,15673.4399705102,257.659,0,7.3,11.88,10.13,23.8,0.1,10.015,796,12.473,3.48,13.38,687.0,1311.0,3539.0,0.0,0.0,0.0,0.0,0.0,0.0,0.0,0,0,1,0,1,0,3320.0,3360.0,4170.0,2872.0,3059.0,3245.0,648.0,678.0,749.0,560.0,650.0,549.0,1126.0,1261.0,1194.0,1144.0,1124.0,1001.0,5537.0,0.6391547769538755,0.0043208937248788715,0.0012940783286570223,0.0
2013,-1.8369701987210297e-16,16785.3121890169,15644.8322684107,258.504,0,7.2,11.88,10.13,24.16,-2.83,10.136,777,12.273,3.48,9.65,681.0,1043.0,3720.0,0.0,0.0,0.0,0.0,0.0,0.0,0.0,0,0,1,0,0,0,3539.0,3320.0,3360.0,3687.0,3113.5,3182.0,687.0,648.0,678.0,682.0,687.0,643.0,1311.0,1126.0,1261.0,1346.0,1045.0,930.0,5444.0,0.6833210874344539,-0.001825234419076227,0.003279528368890672,-0.09999999999999964
2013,0.5000000000000001,16884.8548158416,15729.9593664586,257.069,0,7.2,11.88,10.13,24.04,-0.82,10.136,777,12.273,3.48,9.65,785.0,1126.0,3590.0,0.0,0.0,0.0,0.0,0.0,0.0,0.0,1,0,0,0,0,0,3720.0,3539.0,3320.0,3883.0,3168.0,3340.5,681.0,687.0,648.0,718.0,710.0,682.0,1043.0,1311.0,1126.0,1188.0,1158.0,1020.0,5501.0,0.6526086166139745,0.0054412279139473,-0.005551171355182127,0.0
2013,0.8660254037844384,17053.7381074546,15841.7587619459,257.377,0,6.9,11.85,10.22,24.11,-5.26,10.136,790,12.479,3.58,9.65,798.0,1209.0,3834.0,0.0,1.0,0.0,0.0,0.0,0.0,0.0,1,1,0,0,0,0,3590.0,3720.0,3539.0,4170.0,3558.0,3499.0,785.0,681.0,687.0,749.0,731.0,707.0,1126.0,1043.0,1311.0,1194.0,1252.0,1147.0,5841.0,0.6563944530034987,0.007107417945763528,0.0011981219050138936,-0.2999999999999998
2013,1.0,17061.0710766589,15810.4101820915,257.284,0,6.7,11.85,10.22,24.3,3.35,10.136,788,12.443,3.58,9.65,1085.0,1566.0,4865.0,1.0,0.0,0.0,0.0,0.0,0.0,1.0,1,1,0,0,0,1,3834.0,3590.0,3720.0,3360.0,4824.0,4775.0,798.0,785.0,681.0,678.0,1080.0,1081.0,1209.0,1126.0,1043.0,1261.0,1475.0,1596.0,7516.0,0.6472857903131356,-0.001978857292644909,-0.00036133764866330687,-0.20000000000000018
